"kind","id","value","source","note"
"game winner","twis-tlph-20261008 G1","TLPH","inferred","towers TWIS 3 / TLPH 8, lords 1-1"
"game winner","twis-tlph-20261008 G2","TLPH","inferred","towers TWIS 3 / TLPH 8, lords 2-1"
"game winner","onic-tnc-20261008 G1","ONIC","inferred","towers ONIC 8 / TNC 6, lords 4-0"
"game winner","onic-tnc-20261008 G2","TNC","inferred","towers ONIC 3 / TNC 8, lords 0-3"
"game winner","onic-tnc-20261008 G3","ONIC","inferred","towers ONIC 9 / TNC 1, lords 2-0"
"game winner","apbr-omg-20261009 G1","OMG","inferred","towers APBR 5 / OMG 7, lords 1-1"
"game winner","apbr-omg-20261009 G2","OMG","inferred","towers APBR 1 / OMG 9, lords 0-3"
"check","tnc-flcn-20261009","G3 G1 G2","game order","page order FLCN,FLCN,TNC is impossible; replayed as TNC,FLCN,FLCN"
"game winner","tnc-flcn-20261009 G1","TNC","inferred","towers TNC 9 / FLCN 5, lords 1-2"
"game winner","tnc-flcn-20261009 G2","FLCN","inferred","towers TNC 6 / FLCN 8, lords 1-2"
"check","tnc-flcn-20261009 G1 Zaida","3207","build vs timeline","final items not in the timeline"
"check","tnc-flcn-20261009 G1 Hadji","3101","build vs timeline","final items not in the timeline"
"game winner","tnc-flcn-20261009 G3","FLCN","inferred","towers TNC 2 / FLCN 9, lords 0-2"
"roster source","RORA","onic-rora-20261003","earlier week","names + heroes only (no week stats)"
"player role","TWIS/Kayn","jungle","inferred from hero lanes","Aulus, Hirara"
"player role","TWIS/Sionnn","mid","inferred from hero lanes","Eudora, Vexana"
"player role","TWIS/Lansu","gold","inferred from hero lanes","Minotaur, Aulus"
"player role","TWIS/Tracyyy","roam","inferred from hero lanes","Marcel, Marcel"
"player role","TWIS/Bennyqt","exp","inferred from hero lanes","Sora, Sora"
"player role","TLPH/Sanford","exp","inferred from hero lanes","Lukas, Esmeralda"
"player role","TLPH/KarlTzy","jungle","inferred from hero lanes","Nolan, Nolan"
"player role","TLPH/Sanji","mid","inferred from hero lanes","Zhuxin, Kimmy"
"player role","TLPH/Teddy","gold","inferred from hero lanes","cici, Freya"
"player role","TLPH/Jaypee","roam","inferred from hero lanes","Hilda, Gatotkaca"
"player role","ONIC/K1NGKONG","jungle","inferred from hero lanes","Aulus, Nolan, Yi Sun-shin"
"player role","ONIC/Savero","gold","inferred from hero lanes","Lukas, Miya, Aulus"
"player role","ONIC/Kirk","exp","inferred from hero lanes","Minotaur, Lukas, Minotaur"
"player role","ONIC/Brusko","roam","inferred from hero lanes","Gatotkaca, Gatotkaca, Kalea"
"player role","ONIC/SuperFrince","mid","inferred from hero lanes","Rafaela, Valentina, Valentina"
"player role","TNC/Jowm","exp","inferred from hero lanes","Paquito, cici, Melissa, cici, Lukas, cici"
"player role","TNC/Zaida","jungle","inferred from hero lanes","Nolan, Hirara, Nolan, Fanny, Alice, Hirara"
"player role","TNC/Zehn","roam","inferred from hero lanes","Marcel, Marcel, Belerick, Belerick, Carmilla, Badang"
"player role","TNC/Ryota","gold","inferred from hero lanes","Belerick, Atlas, Alice, Uranus, Aulus, Aulus"
"player role","TNC/Vinnn","mid","inferred from hero lanes","Wu/Zetian, Eudora, Kimmy, Selena, Valentina, Eudora"
"player role","APBR/JamesPangks.","jungle","inferred from hero lanes","Hirara, Suyou"
"player role","APBR/SpiderMilez","roam","inferred from hero lanes","Minotaur, Minotaur"
"player role","APBR/LanceCy","mid","inferred from hero lanes","Valentina, Valentina"
"player role","APBR/JMPINKMAN","exp","inferred from hero lanes","Barats, Alice"
"player role","APBR/Shizou","gold","inferred from hero lanes","Chou, Obsidia"
"player role","OMG/Minguin","mid","inferred from hero lanes","Zhuxin, Kimmy"
"player role","OMG/Cull","exp","inferred from hero lanes","Freya, Freya"
"player role","OMG/Raizen","jungle","inferred from hero lanes","Nolan, Paquito"
"player role","OMG/Perkziva","roam","inferred from hero lanes","Gatotkaca, Marcel"
"player role","OMG/Louis","gold","inferred from hero lanes","Uranus, Phoveus"
"player role","FLCN/Owgwen","gold","inferred from hero lanes","Marcel, Khufra, Khufra"
"player role","FLCN/Kyle","jungle","inferred from hero lanes","Hirara, Harley, Nolan"
"player role","FLCN/SuperMarco","exp","inferred from hero lanes","Chou, Paquito, Freya"
"player role","FLCN/Hadji","mid","inferred from hero lanes","Lylia, Eudora, Selena"
"player role","FLCN/Flap","roam","inferred from hero lanes","Carmilla, Atlas, Hylos"
"player role","RORA/Yue","mid","inferred from hero lanes","Zhuxin, Zhuxin, Lylia"
"player role","RORA/Domeng","gold","inferred from hero lanes","Obsidia, Obsidia, Obsidia"
"player role","RORA/Nathzz","exp","inferred from hero lanes","Barats, Gatotkaca, Carmilla"
"player role","RORA/Koyl","jungle","inferred from hero lanes","Harley, Fanny, Nolan"
"player role","RORA/Light","roam","inferred from hero lanes","Badang, Belerick, Gloo"
"item","1001","Dagger","MLBB Academy",""
"item","1002","Knife","MLBB Academy",""
"item","1004","Vampire Mallet","MLBB Academy",""
"item","1005","Iron Hunting Bow","MLBB Academy",""
"item","1006","Regular Spear","MLBB Academy",""
"item","1007","Swift Crossbow","MLBB Academy",""
"item","1008","Expert Gloves","MLBB Academy",""
"item","1101","Mystery Codex","MLBB Academy",""
"item","1102","Power Crystal","MLBB Academy",""
"item","1103","Magic Necklace","MLBB Academy",""
"item","1104","Book of Sages","MLBB Academy",""
"item","1105","Mystic Container","MLBB Academy",""
"item","1201","Vitality Crystal","MLBB Academy",""
"item","1202","Leather Jerkin","MLBB Academy",""
"item","1203","Magic Resist Cloak","MLBB Academy",""
"item","1204","Healing Necklace","MLBB Academy",""
"item","1205","Hero's Ring","MLBB Academy",""
"item","1301","Boots","MLBB Academy",""
"item","1411","Ice Hunter's Speed Boots","MLBB Academy",""
"item","1412","Flame Hunter's Speed Boots","MLBB Academy",""
"item","1413","Behemoth Hunter's Speed Boots","MLBB Academy",""
"item","1511","Roaming Boots - Conceal","MLBB Academy",""
"item","1512","Roaming Boots - Encourage","MLBB Academy",""
"item","1513","Roaming Boots - Favor","MLBB Academy",""
"item","2001","Legion Sword","MLBB Academy",""
"item","2002","Ogre Tomahawk","MLBB Academy",""
"item","2003","Rogue Meteor","MLBB Academy",""
"item","2004","Fury hammer","MLBB Academy",""
"item","2005","Magic Blade","MLBB Academy",""
"item","2006","Demon Hunter Sword","MLBB Academy",""
"item","2008","Corrosion Scythe","MLBB Academy",""
"item","2009","Golden Staff","MLBB Academy",""
"item","2011","Wind of Nature","MLBB Academy",""
"item","2013","War Axe","MLBB Academy",""
"item","2014","Sky Piercer","MLBB Academy",""
"item","2101","Magic Wand","MLBB Academy",""
"item","2102","Tome of Evil","MLBB Academy",""
"item","2103","Azure Blade","MLBB Academy",""
"item","2104","Exotic Veil","MLBB Academy",""
"item","2105","Elegant Gem","MLBB Academy",""
"item","2106","Enchanted Talisman","MLBB Academy",""
"item","2107","Winter Crown","MLBB Academy",""
"item","2108","Feather of Heaven","MLBB Academy",""
"item","2112","Wishing Lantern","MLBB Academy",""
"item","2201","Ares Belt","MLBB Academy",""
"item","2202","Molten Essence","MLBB Academy",""
"item","2203","Silence Robe","MLBB Academy",""
"item","2204","Black Ice Shield","MLBB Academy",""
"item","2205","Dreadnaught Armor","MLBB Academy",""
"item","2206","Steel Legplates","MLBB Academy",""
"item","2208","Queen's Wings","MLBB Academy",""
"item","2212","Thunder Belt","MLBB Academy",""
"item","2301","Warrior Boots","MLBB Academy",""
"item","2302","Tough Boots","MLBB Academy",""
"item","2303","Magic Boots","MLBB Academy",""
"item","2304","Arcane Boots","MLBB Academy",""
"item","2306","Rapid Boots","MLBB Academy",""
"item","3001","Malefic Roar","MLBB Academy",""
"item","3004","Endless Battle","MLBB Academy",""
"item","3007","Blade of the Heptaseas","MLBB Academy",""
"item","3008","Blade of Despair","MLBB Academy",""
"item","3009","Hunter Strike","MLBB Academy",""
"item","3012","Rose Gold Meteor","MLBB Academy",""
"item","3013","Sea Halberd","MLBB Academy",""
"item","3015","Malefic Gun","MLBB Academy",""
"item","3101","Divine Glaive","MLBB Academy",""
"item","3102","Holy Crystal","MLBB Academy",""
"item","3104","Ice Queen Wand","MLBB Academy",""
"item","3105","Glowing Wand","MLBB Academy",""
"item","3106","Starlium Scythe","MLBB Academy",""
"item","3108","Blood Wings","MLBB Academy",""
"item","3110","Lightning Truncheon","MLBB Academy",""
"item","3111","Genius Wand","MLBB Academy",""
"item","3112","Flask of the Oasis","MLBB Academy",""
"item","3113","Clock of Destiny","MLBB Academy",""
"item","3201","Cursed Helmet","MLBB Academy",""
"item","3202","Guardian Helmet","MLBB Academy",""
"item","3203","Antique Cuirass","MLBB Academy",""
"item","3204","Oracle","MLBB Academy",""
"item","3205","Athena's Shield","MLBB Academy",""
"item","3206","Dominance Ice","MLBB Academy",""
"item","3207","Immortality","MLBB Academy",""
"item","3208","Brute Force Breastplate","MLBB Academy",""
"item","3210","Radiant Armor","MLBB Academy",""
"item","3212","Chastise Pauldron","MLBB Academy",""
"item","3421","Ice Hunter's Tough Boots","MLBB Academy",""
"item","3422","Flame Hunter's Tough Boots","MLBB Academy",""
"item","3423","Behemoth Hunter's Tough Boots","MLBB Academy",""
"item","3431","Ice Hunter's Magic Boots","MLBB Academy",""
"item","3432","Flame Hunter's Magic Boots","MLBB Academy",""
"item","3462","Flame Hunter's Rapid Boots","MLBB Academy",""
"item","3521","Tough Boots - Conceal","MLBB Academy",""
"item","3523","Tough Boots - Favor","MLBB Academy",""
"item","3561","Rapid Boots- Conceal","MLBB Academy",""
"emblem","20001","Common Emblem","identified from icon",""
"emblem","20003","Tank Emblem","identified from icon",""
"emblem","20005","Assassin Emblem","identified from icon",""
"emblem","20006","Mage Emblem","identified from icon",""
"emblem","20007","Fighter Emblem","identified from icon",""
"emblem","20008","Support Emblem","identified from icon",""
"talent","111","Thrill","MLBB Academy",""
"talent","112","Swift","MLBB Academy",""
"talent","121","Wilderness Blessing","MLBB Academy",""
"talent","122","Seasoned Hunter","MLBB Academy",""
"talent","1231","Weakness Finder","MLBB Academy",""
"talent","131","Impure Rage","MLBB Academy",""
"talent","132","Quantum Charge","MLBB Academy",""
"talent","2419010587573","","dropped","no icon/name on the source: placeholder"
"talent","2419014551750","","dropped","no icon/name on the source: placeholder"
"talent","311","Vitality","MLBB Academy",""
"talent","321","Tenacity","MLBB Academy",""
"talent","331","Concussive Blast","MLBB Academy",""
"talent","511","Rupture","MLBB Academy",""
"talent","531","Killing Spree","MLBB Academy",""
"talent","611","Inspire","MLBB Academy",""
"talent","621","Bargain Hunter","MLBB Academy",""
"talent","631","Lethal Ignition","MLBB Academy",""
"talent","711","Firmness","MLBB Academy",""
"talent","721","Festival of Blood","MLBB Academy",""
"talent","731","Brave Smite","MLBB Academy",""
"talent","811","Agility","MLBB Academy",""
"talent","821","Pull Yourself Together","MLBB Academy",""
"hero","Alice","Exp Lane / Jungle","MLBB Academy",""
"hero","Atlas","Roam","MLBB Academy",""
"hero","Aulus","Jungle","MLBB Academy",""
"hero","Badang","Roam / Exp Lane","MLBB Academy",""
"hero","Barats","Jungle","MLBB Academy",""
"hero","Belerick","Roam","MLBB Academy",""
"hero","Carmilla","Roam","MLBB Academy",""
"hero","Chou","Exp Lane / Roam","MLBB Academy",""
"hero","Esmeralda","Exp Lane","MLBB Academy",""
"hero","Eudora","Mid Lane","MLBB Academy",""
"hero","Fanny","Jungle","MLBB Academy",""
"hero","Freya","Exp Lane / Jungle","MLBB Academy",""
"hero","Gatotkaca","Roam / Exp Lane","MLBB Academy",""
"hero","Gloo","Roam / Exp Lane","MLBB Academy",""
"hero","Harley","Jungle / Mid Lane","MLBB Academy",""
"hero","Hilda","Roam / Exp Lane","MLBB Academy",""
"hero","Hirara","Jungle","manual",""
"hero","Hylos","Roam","MLBB Academy",""
"hero","Kalea","Roam","MLBB Academy",""
"hero","Khufra","Roam","MLBB Academy",""
"hero","Kimmy","Mid Lane / Gold Lane","MLBB Academy",""
"hero","Lukas","Exp Lane / Jungle","MLBB Academy",""
"hero","Lylia","Mid Lane","MLBB Academy",""
"hero","Marcel","Roam","MLBB Academy",""
"hero","Melissa","Gold Lane","MLBB Academy",""
"hero","Minotaur","Roam","MLBB Academy",""
"hero","Miya","Gold Lane","MLBB Academy",""
"hero","Nolan","Jungle","MLBB Academy",""
"hero","Obsidia","Gold Lane","MLBB Academy",""
"hero","Paquito","Exp Lane","MLBB Academy",""
"hero","Phoveus","Exp Lane","MLBB Academy",""
"hero","Rafaela","Roam","MLBB Academy",""
"hero","Selena","Mid Lane / Roam","MLBB Academy",""
"hero","Sora","Exp Lane","MLBB Academy",""
"hero","Suyou","Jungle","MLBB Academy",""
"hero","Uranus","Exp Lane","MLBB Academy",""
"hero","Valentina","Mid Lane","MLBB Academy",""
"hero","Vexana","Mid Lane","MLBB Academy",""
"hero","Wu/Zetian","Mid Lane","MLBB Academy",""
"hero","Yi Sun-shin","Jungle","MLBB Academy",""
"hero","Zhuxin","Mid Lane","MLBB Academy",""
"hero","cici","Exp Lane","MLBB Academy",""
